{
  "('14558127', '26077387')": 1746003.023996834,
  "('1475311', '26077387')": 15279567.668592429,
  "('15693423', '26077387')": 2423907.4896479724,
  "('18144507', '26077387')": 6254464.786447624,
  "('20899496', '26077387')": 3035626.9454543246,
  "('23002292', '26077387')": 3246308.7803515997,
  "('23434538', '26077387')": 1980912.4339101173,
  "('24224830', '26077387')": 2668224.092918664,
  "('24508238', '26077387')": 40962294.56302877,
  "('25311006', '26077387')": 10078415.90055367,
  "('26077387', '100421031')": 60939630.0920651,
  "('26077387', '100421032')": 60939630.0920651,
  "('26077387', '100421033')": 41267882.87932223,
  "('26077387', '100421035')": 60939630.0920651,
  "('26077387', '100421037')": 60939630.0920651,
  "('26077387', '100421039')": 60939630.0920651,
  "('26077387', '100421040')": 60939630.0920651,
  "('26077387', '10045474')": 2084108.0476595904,
  "('26077387', '1011091')": 14579443.686165033,
  "('26077387', '102380')": 3161682.2175973565,
  "('26077387', '10389142')": 11162531.667853348,
  "('26077387', '10604644')": 29490890.88440681,
  "('26077387', '11110587')": 6686428.94625107,
  "('26077387', '1149109')": 37530030.96304814,
  "('26077387', '11765832')": 3750765.511834051,
  "('26077387', '11901678')": 14870782.76436174,
  "('26077387', '12307878')": 16265921.0447353,
  "('26077387', '12421694')": 1068496836.7144035,
  "('26077387', '12444060')": 48996498.80787545,
  "('26077387', '12580477')": 9387232.74198454,
  "('26077387', '13117073')": 8661030.713072054,
  "('26077387', '13756293')": 12960192.424234845,
  "('26077387', '14532163')": 11983715.2849355,
  "('26077387', '14558128')": 24592184.123601817,
  "('26077387', '14799437')": 22675711.410539057,
  "('26077387', '1482001')": 18360026.017196696,
  "('26077387', '14824019')": 161931435.40543738,
  "('26077387', '16169772')": 2442655.2276037387,
  "('26077387', '16392422')": 34606911.14834118,
  "('26077387', '16605586')": 13171333.606092252,
  "('26077387', '1686814')": 17553617.634939782,
  "('26077387', '1697104')": 35278132.19988379,
  "('26077387', '18144506')": 22438726.15429942,
  "('26077387', '1861629')": 20663723.569108415,
  "('26077387', '18666161')": 2549446.165390741,
  "('26077387', '1984618')": 11378318.494731808,
  "('26077387', '20292186')": 31314001.032253463,
  "('26077387', '20618850')": 13725774.166631015,
  "('26077387', '20994205')": 217699641.01020682,
  "('26077387', '21441617')": 10662383.865958571,
  "('26077387', '21521304')": 15688813.753529154,
  "('26077387', '21623008')": 142105984.62080744,
  "('26077387', '21639276')": 3723713.565870482,
  "('26077387', '21887175')": 1698290.7770868037,
  "('26077387', '2220237')": 9619309.080201326,
  "('26077387', '2263869')": 21677351.849100217,
  "('26077387', '23314220')": 109875692.71535166,
  "('26077387', '23440231')": 22100798.335733145,
  "('26077387', '23516703')": 8261176.336505526,
  "('26077387', '24010609')": 1184702289.510333,
  "('26077387', '24207889')": 16741226.975338604,
  "('26077387', '24299458')": 9772346.647362487,
  "('26077387', '24842059')": 9608205.855510395,
  "('26077387', '24915933')": 3953447.186376243,
  "('26077387', '2563463')": 7469689.912056303,
  "('26077387', '25733157')": 362519488.69594824,
  "('26077387', '25789292')": 44395832.01210698,
  "('26077387', '25955749')": 556608420.7613174,
  "('26077387', '26034577')": 21849708.684068363,
  "('26077387', '26845680')": 11495539.989252217,
  "('26077387', '27243130')": 9643625.7629344,
  "('26077387', '28373620')": 9239948.04353466,
  "('26077387', '28677304')": 4784502.879167357,
  "('26077387', '28985331')": 4696416.175921528,
  "('26077387', '29301450')": 19978784.870697968,
  "('26077387', '29401950')": 5955599.011858567,
  "('26077387', '29595202')": 45851162.59403544,
  "('26077387', '30194529')": 108361169.13191476,
  "('26077387', '30284022')": 27988760.326835066,
  "('26077387', '30430448')": 4088590.8332121456,
  "('26077387', '30459350')": 123905192.4827674,
  "('26077387', '30680659')": 17621656.97919806,
  "('26077387', '30741503')": 10205096.407633262,
  "('26077387', '31002402')": 21392458.409188166,
  "('26077387', '31149212')": 2808111.758137388,
  "('26077387', '31444249')": 33722212.323090196,
  "('26077387', '31562086')": 12243758.519489741,
  "('26077387', '31755044')": 45062568.61321033,
  "('26077387', '31833038')": 11959850.569279669,
  "('26077387', '31834488')": 17574078.818569392,
  "('26077387', '31849106')": 39098626.53747726,
  "('26077387', '32807846')": 50401858.43833471,
  "('26077387', '3285551')": 12547598.630398527,
  "('26077387', '32909498')": 2087730.870833733,
  "('26077387', '33331231')": 440626045.35731727,
  "('26077387', '33396948')": 33550117.379320506,
  "('26077387', '33508719')": 9549964.894441567,
  "('26077387', '33782437')": 79508905.4265373,
  "('26077387', '34267821')": 39009297.478996255,
  "('26077387', '34456146')": 62708118.34981267,
  "('26077387', '34755994')": 16355630.184174003,
  "('26077387', '35059553')": 273375882.53269774,
  "('26077387', '35261759')": 17902119.905631956,
  "('26077387', '35269904')": 46891076.70511474,
  "('26077387', '35405755')": 24805883.422820702,
  "('26077387', '35569555')": 27549777.970826264,
  "('26077387', '36361633')": 29044255.179513283,
  "('26077387', '36956512')": 10546096.465358293,
  "('26077387', '37351133')": 1161082290.5658844,
  "('26077387', '37812118')": 27295620.033139423,
  "('26077387', '38342336')": 14945064.870825779,
  "('26077387', '38745520')": 12777554.001182515,
  "('26077387', '38814750')": 1204407.3459808133,
  "('26077387', '39238953')": 14548009.93156996,
  "('26077387', '39568067')": 11618650.128719928,
  "('26077387', '39701395')": 30205217.91990378,
  "('26077387', '4031928')": 19186283.52852885,
  "('26077387', '40352445')": 15539336.80875515,
  "('26077387', '4055337')": 11132400.26493025,
  "('26077387', '40605147')": 4788772.538121976,
  "('26077387', '41373230')": 15623603.818539673,
  "('26077387', '41375811')": 17358575.57817563,
  "('26077387', '41587307')": 14571049.185078911,
  "('26077387', '41855169')": 9854568.542912224,
  "('26077387', '41999284')": 679415.39618227,
  "('26077387', '42198835')": 8423048.260755511,
  "('26077387', '42199039')": 92897191.24462843,
  "('26077387', '4280258')": 1028950.2834652902,
  "('26077387', '43040603')": 21493759.37396027,
  "('26077387', '4334811')": 14098608.002317132,
  "('26077387', '43528009')": 16118824.86394077,
  "('26077387', '43898403')": 6190097.345854366,
  "('26077387', '44405066')": 1502321.0279107955,
  "('26077387', '44508094')": 3972557.375912763,
  "('26077387', '44519536')": 27034616.97588672,
  "('26077387', '45819647')": 93777020.73042104,
  "('26077387', '46271408')": 142231848.71458936,
  "('26077387', '46448938')": 128583746.37152152,
  "('26077387', '46986414')": 1744763.6813991577,
  "('26077387', '47219274')": 18706056.06324366,
  "('26077387', '47363932')": 4979269.633275988,
  "('26077387', '47679935')": 18952601.444458988,
  "('26077387', '48355999')": 19096796.032366283,
  "('26077387', '48815792')": 98371463.85702424,
  "('26077387', '48905153')": 22018975.695896033,
  "('26077387', '48996569')": 5507343.867563184,
  "('26077387', '49036338')": 2518314.7803824125,
  "('26077387', '49513164')": 10765989.817100642,
  "('26077387', '49587034')": 47892806.44307075,
  "('26077387', '50005218')": 966294947.7877307,
  "('26077387', '50237654')": 3835173.4280216736,
  "('26077387', '51227866')": 1076053330.7673197,
  "('26077387', '51316684')": 22530600.260216568,
  "('26077387', '51452091')": 10376430.39357401,
  "('26077387', '51522296')": 12502560.992295822,
  "('26077387', '52038272')": 20959233.676777992,
  "('26077387', '52038441')": 4724918.415819399,
  "('26077387', '52038442')": 41915224.83324315,
  "('26077387', '52340444')": 834490771.1232809,
  "('26077387', '52615248')": 16184600.211593939,
  "('26077387', '52947044')": 16518703.558390176,
  "('26077387', '53129443')": 13945754.620432356,