{
  "('14558127', '99984170')": 559029.5082697946,
  "('14604710', '99984170')": 21025573.754633263,
  "('15693423', '99984170')": 1187136.0241125375,
  "('18144506', '99984170')": 144228693.968159,
  "('18144507', '99984170')": 929128.0748907164,
  "('1845204', '99984170')": 28646937.288701106,
  "('21044178', '99984170')": 530539.9503948522,
  "('21887175', '99984170')": 4236881.741158985,
  "('2295440', '99984170')": 16606780.432942552,
  "('23002292', '99984170')": 24082203.559362818,
  "('23434538', '99984170')": 481984.24170656665,
  "('24224830', '99984170')": 885416.0156719404,
  "('24299458', '99984170')": 3117714.393479588,
  "('24508238', '99984170')": 22293254.32790005,
  "('24842059', '99984170')": 10013297.219781052,
  "('25311006', '99984170')": 3571105.3429572606,
  "('26372118', '99984170')": 1324395818.35741,
  "('2665273', '99984170')": 9657046.891919127,
  "('27204311', '99984170')": 11763967.658596171,
  "('27548199', '99984170')": 27995517.827011578,
  "('2857636', '99984170')": 4449737.256502756,
  "('28981598', '99984170')": 30851970.1712838,
  "('29301450', '99984170')": 240718731.4381947,
  "('30194529', '99984170')": 17719241.314440005,
  "('30983281', '99984170')": 2920023.1379327993,
  "('31849106', '99984170')": 17800757.21349745,
  "('32807846', '99984170')": 18597277.891140874,
  "('33854624', '99984170')": 2655545.47910746,
  "('33907039', '99984170')": 11638480.000374552,
  "('35269904', '99984170')": 46646969.19600414,
  "('35405755', '99984170')": 10001007.863851273,
  "('37495766', '99984170')": 1261199305.597759,
  "('37617348', '99984170')": 1162999872.8018816,
  "('38339996', '99984170')": 1156592771.0080707,
  "('38342335', '99984170')": 3836365.8677749652,
  "('41209827', '99984170')": 18743683.879222803,
  "('41420027', '99984170')": 5346685.357604335,
  "('41443249', '99984170')": 1245589312.7598248,
  "('41999284', '99984170')": 60525468.68474463,
  "('4280258', '99984170')": 5087236.0760941915,
  "('43898403', '99984170')": 2501990.0948589332,
  "('45819647', '99984170')": 51133625.31956292,
  "('48130397', '99984170')": 5169003.4299465045,
  "('48815792', '99984170')": 541820637.9026139,
  "('49202162', '99984170')": 9904313.519087829,
  "('49238328', '99984170')": 109215.97458342844,
  "('5041348', '99984170')": 2030884.4633465174,
  "('5043010', '99984170')": 78687289.88031274,
  "('52038441', '99984170')": 55376663.0827409,
  "('53334471', '99984170')": 47174732.77314097,
  "('54693926', '99984170')": 2692792.5944461725,
  "('54757758', '99984170')": 18451947.24165038,
  "('54974237', '99984170')": 16021950.443476388,
  "('55063751', '99984170')": 1964554.7716686397,
  "('60303245', '99984170')": 15918013.278412135,
  "('61245672', '99984170')": 101145371.36155732,
  "('61292243', '99984170')": 1125476584.9935184,
  "('61668670', '99984170')": 64701649.0233387,
  "('63899465', '99984170')": 1319620142.701595,
  "('64612053', '99984170')": 1233423089.8943632,
  "('65330383', '99984170')": 3642320.336538932,
  "('65681983', '99984170')": 3900736.879292769,
  "('65734501', '99984170')": 1126205508.9737206,
  "('65741786', '99984170')": 9705019.490759369,
  "('6637331', '99984170')": 2626166.9743776494,
  "('66403530', '99984170')": 18433693.40317454,
  "('69946549', '99984170')": 2509248.857605601,
  "('70368879', '99984170')": 313539.26724141004,
  "('72167543', '99984170')": 2228688.236464177,
  "('72270339', '99984170')": 580052966.7865249,
  "('72291078', '99984170')": 151074307.44800496,
  "('72529749', '99984170')": 471098460.18769634,
  "('72656408', '99984170')": 307451.1682986426,
  "('73628505', '99984170')": 2192007.6983173382,
  "('73642296', '99984170')": 29085099.287814114,
  "('74615388', '99984170')": 7673465.080017655,
  "('75452921', '99984170')": 1575165.7506556395,
  "('79606837', '99984170')": 14656184.644563757,
  "('80101899', '99984170')": 968299.8696642248,
  "('80845034', '99984170')": 619032816.7045504,
  "('8264361', '99984170')": 10018920.257981008,
  "('8267140', '99984170')": 15164097.662407596,
  "('82732705', '99984170')": 2285959.4308185973,
  "('83326048', '99984170')": 11824634.020847505,
  "('84211599', '99984170')": 8433119.667630475,
  "('84792926', '99984170')": 13205727.911276532,
  "('84815190', '99984170')": 2081589.6338315152,
  "('85289965', '99984170')": 4694705.5436114725,
  "('86066372', '99984170')": 8884693.848353399,
  "('89023486', '99984170')": 737379443.902981,
  "('89558743', '99984170')": 5040995.600255771,
  "('90448279', '99984170')": 536375.2671883884,
  "('90590303', '99984170')": 321451.45274839865,
  "('91800273', '99984170')": 4347418.861433477,
  "('9349094', '99984170')": 10740261.089651387,
  "('94145021', '99984170')": 19514323.79218625,
  "('94259633', '99984170')": 54615910.37065301,
  "('97268402', '99984170')": 15813909.199211746,
  "('9742784', '99984170')": 66789613.15082697,
  "('97584719', '99984170')": 21536242.467985183,
  "('98127546', '99984170')": 3932407.478465639,
  "('9940036', '99984170')": 83324261.79310569,
  "('99984170', '10045474')": 450472.1713426788,
  "('99984170', '102380')": 1696113.620806071,
  "('99984170', '10604644')": 32024934.361202262,
  "('99984170', '10669138')": 129582491.89011583,
  "('99984170', '11132674')": 58257103.61204091,
  "('99984170', '11321089')": 9248490.2763931,
  "('99984170', '11765832')": 4629197.823535407,
  "('99984170', '12450071')": 567319233.2110748,
  "('99984170', '12580477')": 924243.6998418514,
  "('99984170', '13117073')": 167275376.9207226,
  "('99984170', '14017402')": 294670047.32436585,
  "('99984170', '14087893')": 19935018.827460635,
  "('99984170', '14532163')": 1890633.958805886,
  "('99984170', '14558128')": 137211348.61530834,
  "('99984170', '15661378')": 30539591.170645103,
  "('99984170', '16240772')": 42952446.12888884,
  "('99984170', '19510093')": 25015890.52131608,
  "('99984170', '23656668')": 23113118.89687347,
  "('99984170', '24081957')": 36400249.615465015,
  "('99984170', '25577965')": 49115297.30688419,
  "('99984170', '29726552')": 6405350.285344957,
  "('99984170', '30342076')": 235751602.82155827,
  "('99984170', '32909498')": 1791842.244639597,
  "('99984170', '33158448')": 308087763.16907114,
  "('99984170', '3322931')": 32188097.89723938,
  "('99984170', '34267821')": 116170720.579753,
  "('99984170', '34989413')": 201796378.68406576,
  "('99984170', '35480699')": 34041655.99786266,
  "('99984170', '37478723')": 6762019.9798138365,
  "('99984170', '37675907')": 185690631.44954345,
  "('99984170', '38342336')": 94927259.0010232,
  "('99984170', '38511382')": 44378762.26833147,
  "('99984170', '4031928')": 2224766.6595057347,
  "('99984170', '41463181')": 14363464.843606804,
  "('99984170', '4280259')": 62305532.581126496,
  "('99984170', '42932862')": 37719424.42106177,
  "('99984170', '43262273')": 47181960.51833632,
  "('99984170', '44097050')": 206643961.3302794,
  "('99984170', '46502744')": 355401361.57608575,
  "('99984170', '46804536')": 28681630.82934884,
  "('99984170', '47961808')": 27604726.85737937,
  "('99984170', '48285768')": 61426524.16980977,
  "('99984170', '53129443')": 6192125.944073844,
  "('99984170', '56727340')": 32014625.276388947,
  "('99984170', '57134592')": 83898598.41976982,
  "('99984170', '58036229')": 221893221.0382931,
  "('99984170', '59438930')": 17087242.582531616,
  "('99984170', '62587693')": 55380000.738073535,
  "('99984170', '62777823')": 1325002459.1972885,
  "('99984170', '63013339')": 49538108.88382185,
  "('99984170', '64211118')": 348367611.6247392,
  "('99984170', '65741787')": 50557347.76460638,
  "('99984170', '66069967')": 78419671.69125362,
  "('99984170', '67750322')": 15465135.219452988,
  "('99984170', '69452756')": 109747956.74371156,
  "('99984170', '71948047')": 1111640261.5780392,
  "('99984170', '76615300')": 74534470.48918787,
  "('99984170', '77637979')": 20978807.09949049,
  "('99984170', '78610936')": 151387507.15380952,
  "('99984170', '78661338')": 195418348.7489771,